{"cameraMode":{"drawMode":0,"name":"Shaded","section":"Shading Mode"},"sceneLighting":true,"audioPlay":false,"sceneViewState":{"m_AlwaysRefresh":false,"showFog":true,"showSkybox":true,"showFlares":true,"showImageEffects":true,"showParticleSystems":true,"showVisualEffectGraphs":true,"m_FxEnabled":true},"in2DMode":false,"pivot":{"x":1277.9425048828125,"y":493.9255676269531,"z":1.26666259765625},"rotation":{"x":0.041667256504297259,"y":0.023074520751833917,"z":0.0009626580867916346,"w":-0.99886554479599},"size":175.49734497070313,"orthographic":false}