{"cameraMode":{"drawMode":0,"name":"Shaded","section":"Shading Mode"},"sceneLighting":true,"audioPlay":false,"sceneViewState":{"m_AlwaysRefresh":false,"showFog":true,"showSkybox":true,"showFlares":true,"showImageEffects":true,"showParticleSystems":true,"showVisualEffectGraphs":true,"m_FxEnabled":true},"in2DMode":false,"pivot":{"x":29.40134048461914,"y":2.8260324001312258,"z":29.48371696472168},"rotation":{"x":-0.03430131822824478,"y":-0.16948182880878449,"z":0.005886613391339779,"w":-0.9849278330802918},"size":7.261950492858887,"orthographic":false}