{"cameraMode":{"drawMode":0,"name":"Shaded","section":"Shading Mode"},"sceneLighting":true,"audioPlay":false,"sceneViewState":{"showFog":true,"showMaterialUpdate":false,"showSkybox":true,"showFlares":true,"showImageEffects":true,"showParticleSystems":true},"in2DMode":false,"pivot":{"x":89.5999984741211,"y":9.700000762939454,"z":79.19999694824219},"rotation":{"x":0.011721366085112095,"y":-0.45854562520980837,"z":-0.006048814859241247,"w":-0.8885737657546997},"size":40.0103759765625,"orthographic":false}