{"cameraMode":{"drawMode":0,"name":"Shaded","section":"Shading Mode"},"sceneLighting":true,"audioPlay":false,"sceneViewState":{"m_AlwaysRefresh":false,"showFog":true,"showSkybox":true,"showFlares":true,"showImageEffects":true,"showParticleSystems":true,"showVisualEffectGraphs":true,"m_FxEnabled":true},"in2DMode":false,"pivot":{"x":0.27499985694885256,"y":-0.02000001072883606,"z":-11.380000114440918},"rotation":{"x":0.0678698942065239,"y":0.6939521431922913,"z":-0.06599890440702439,"w":0.7137887477874756},"size":19.186220169067384,"orthographic":false}