{"cameraMode":{"drawMode":0,"name":"Shaded","section":"Shading Mode"},"sceneLighting":true,"audioPlay":false,"sceneViewState":{"showFog":true,"showMaterialUpdate":false,"showSkybox":false,"showFlares":true,"showImageEffects":true,"showParticleSystems":true},"in2DMode":false,"pivot":{"x":-0.8249064683914185,"y":0.10950016975402832,"z":-2.097728967666626},"rotation":{"x":-0.0006173651781864464,"y":0.9947561621665955,"z":-0.10213015973567963,"w":-0.005982981529086828},"size":14.855392456054688,"orthographic":false}