{"cameraMode":{"drawMode":0,"name":"Shaded","section":"Shading Mode"},"sceneLighting":false,"audioPlay":false,"sceneViewState":{"showFog":true,"showMaterialUpdate":false,"showSkybox":false,"showFlares":true,"showImageEffects":true,"showParticleSystems":true},"in2DMode":false,"pivot":{"x":-15.000007629394532,"y":0.8536812663078308,"z":-29.0},"rotation":{"x":0.002501880982890725,"y":0.996964156627655,"z":-0.06889985501766205,"w":0.03620193153619766},"size":4.461331844329834,"orthographic":true}