{"cameraMode":{"drawMode":0,"name":"Shaded","section":"Shading Mode"},"sceneLighting":true,"audioPlay":false,"sceneViewState":{"showFog":true,"showMaterialUpdate":false,"showSkybox":true,"showFlares":true,"showImageEffects":true,"showParticleSystems":true},"in2DMode":false,"pivot":{"x":10.175275802612305,"y":0.05000019073486328,"z":32.90999984741211},"rotation":{"x":-0.08985315263271332,"y":0.8526402711868286,"z":-0.49045684933662417,"w":-0.15621599555015565},"size":44.51383972167969,"orthographic":true}