{"cameraMode":{"drawMode":0,"name":"Shaded","section":"Shading Mode"},"sceneLighting":true,"audioPlay":false,"sceneViewState":{"showFog":true,"showMaterialUpdate":false,"showSkybox":true,"showFlares":true,"showImageEffects":true,"showParticleSystems":true},"in2DMode":false,"pivot":{"x":-1.2495603561401368,"y":3.1421797275543215,"z":4.186604022979736},"rotation":{"x":-0.15011993050575257,"y":-0.48039573431015017,"z":0.08385457098484039,"w":-0.8600382804870606},"size":10.057887077331543,"orthographic":false}